month,revenue,orders,units,mom_growth_pct
2025-01,5509863.37,399,761,
2025-02,4307163.07,356,678,-21.828132917931132
2025-03,4033797.94,375,703,-6.346755986649944
2025-04,4179172.31,338,633,3.603908082713736
2025-05,4510369.41,372,710,7.924944831958847
2025-06,4406150.21,367,690,-2.3106577427767783
2025-07,3745976.67,321,613,-14.983001226369907
2025-08,4054407.35,360,676,8.233651919674134
2025-09,5535347.28,391,750,36.52666844144312
2025-10,4496376.55,385,735,-18.769747902791035
2025-11,4842096.0,351,683,7.688845588343796
2025-12,4490775.48,390,744,-7.255546358436504
